"","sort(table(cc$values), decreasing = TRUE)"
"HumaAbedin",2365
"SullivanJacob",1743
"CherylMills",1084
"SES",541
"SESO_ShiftII",299
"ToivNoraF",275
"SES_S",266
"H",216
"SESO_SWO",196
"S_SpecialAssistants",186
"ValmoroLona",184
"HanleyMonicaR",166
"SESO_ShiftIII",156
"ReinesPhilippeI",155
"SESO_OS",148
"GonzalezJuanS",134
"JonesKaliC",134
"LaszczychJoanne",134
"DayChristina",133
"McCaryJohnA",133
"KoteckiStephanieL",131
"SESO_ShiftI",130
"BitterMelissa",126
"KaidanowTinaS",123
"VermaRichardR",110
"ScanlonAmyB",102
"BurnsWilliam",98
"MacmanusJosephE",97
"WellsAliceG",96
"YamamotoDonaldY",93
"SES_",91
"JilotyLaurenC",90
"BastienJoeIleElizabeth",88
"KennedyPatrickF",88
"SESO_CMS",86
"LewJacob",85
"SchlicherRonaldL",84
"OscarFlores",78
"FeltmanJeffreyD",75
"McEldowneyNancyE",72
"ColemanClaireL",68
"KellyCraigA",68
"RodriguezMiguelE",66
"LenderkingTimothyA",64
"ValmoroU@stategov",62
"SESO",61
"ReynosoJulissa",59
"SESO_Shift",58
"MitchellMaryT",57
"SteinbergJamesB",56
"DePirroVeliaM",54
"CrowleyPhilipJ",53
"AdamsDavidS",50
"BastienJoelleElizabeth",49
"DiMartinoKitty",49
"VerveerMelanneS",49
"KaidanowTina",48
"SmithDanaS",47
"KohHaroldHongju",45
"AndersonGeraldC",44
"GordonPhilipH",43
"AnneMarieSlaughter",42
"ArolaHeidiR",42
"CDM",42
"CrockerBathshebaN",42
"KubiskeLisa",42
"LohAnthonyX",42
"MuscatineLissa",42
"CarsonJohnnie",41
"CorbinMichaelH",41
"CulverChrisD",41
"CampbellPiper",40
"KennaLisaD",40
"MullStephenD",40
"RuggieroFrank",40
"SESO_SWOOnly",40
"KlevorickCaitlinB",39
"FuchsMichaelH",38
"RussoRobertV",38
"EngelkenStephenC",37
"FeldmanDanielF",37
"MertenKennethH",37
"RuggieroFrankJ",37
"SinghVikramJ",37
"McHaleJudithA",36
"CAPRESSREQUESTS",35
"DSCommandCenter",35
"KellyIanC",35
"WHAPress",35
"CookAkunnaE",34
"MoyKinW",34
"ParadisoDanteX",34
"HammerMichaelA",33
"SinghVikram",33
"DibbleElizabethL",32
"McMullenChristopherJ",32
"MillsCD@stategov",31
"SandersonJanetA",31
"ValmoroLj@stategov",31
"BommerAshleyF",30
"SESOS",30
"KazemiShamim",29
"ScobeyMargaret",29
"TurkDavidM",29
"ColtonElizabeth",28
"JacobsonRobertaS",28
"MillerBillA",28
"NewmanRobertB",28
"ODowdStephen",28
"CrowleyPhilip",27
"JohnsonJamesR",27
"JonDavidson",27
"LindwallDavidE",27
"NEAStaffAssistantsDL",27
"NidesThomasR",27
"PosnerMichaelH",27
"SES_DutyDeputies",27
"WalkerBridgetteL",27
"DouglasWalterT",26
"RodriguezKarenM",26
"RudmanMara",26
"BalderstonKrisM",25
"BuhlCindy",25
"hanleymr@stategov",24
"LonaValmoro",24
"McDonoughDenisR",24
"PoltMichaelC",24
"AdamsThomasC",23
"CarpenterMargaretVW",23
"MalinMaryCatherine",23
"monicahanley",23
"PauliRosemarie",23
"PflaumerWalterN",23
"SchwerinDanielB",23
"CampbellKurtM",22
"DoyleRobertF",22
"GarrardStevenD",22
"hdr@clintonemailcom",22
"SchwartzLarry",22
"SmithDanielB",22
"BaerDanielB",21
"BrassaniniDavidG",21
"CurtisMeghannA",21
"HolbrookeRichard",21
"JonesPaulW",21
"MarranoMarkF",21
"SchwartzJonathanB",21
"BernsDavidB",20
"BlumOrnaT",20
"FitzgeraldWilliamE",20
"KennedyDavidJR",20
"LeonardMaryBeth",20
"PageSusanD",20
"SESShiftII",20
"ValenzuelaArturoA",20
"HensmanChrisD",19
"MaughanChelseaV",19
"PrattJonathanG",19
"RAMSAYJAIMET",19
"SternToddD",19
"TesoneMark",19
"CarlYoderSamanthaA",18
"JacobsJaniceL",18
"WhitakerElizabethA",18
"CholletDerekH",17
"CormackMaureenE",17
"JonesBethE",17
"OperationsCenter",17
"ParkPamelaP",17
"Russorv@stategov",17
"SamuelsonHeatherF",17
"SpykermanJohnD",17
"TownleyStephenG",17
"TurnerIndiaR",17
"AdlerCarolineE",16
"GallikerAndrewS",16
"HaydenCaitlinM",16
"ShermanWendyR",16
"SingerTheodoreJ",16
"ThessinJamesH",16
"BlakeRobert",15
"BStrider",15
"CretzGeneA",15
"DanielJoshuaJ",15
"DiopMargaretB",15
"DonoghueJoanE",15
"huma@clintonemailcom",15
"HydeDana",15
"jakesullivar",15
"LaLimeHelen",15
"PrattElizabethSusie",15
"RubinsteinDanielH",15
"WailesJacob",15
"WarnholzJeanLouis",15
"WatersJohnR",15
"WhitmireMorganG",15
"AguiloPatriciaM",14
"AhmedSalman",14
"BrownSueK",14
"FeeleyJohnD",14
"GiacobbeNicholasJ",14
"GonzalezJuan",14
"HaleDavidM",14
"LoGerfoGregoryD",14
"MarshVictorL",14
"MiskoSeanA",14
"SchinnererKarenP",14
"StoutJenniferP",14
"SullivanStephanieS",14
"CrockerJohnW",13
"FarbeannJosephR",13
"GodecRobertF",13
"HuangCindyY",13
"KimSungY",13
"McAuliffeMarisaS",13
"McdonaldKaraC",13
"NEWSMahogany",13
"OrtizKatherineI",13
"PerryMarkD",13
"PershingJonathan",13
"PyattGeoffreyR",13
"RichardsonEricN",13
"RosenstockMatthewS",13
"RuthRickA",13
"SanchezMauricioX",13
"ShortleyTimothyR",13
"SpeaksJohnT",13
"WilliamsEricC",13
"",12
"BaderJeffreyA",12
"ChapmanToddC",12
"ConroyCarmelaA",12
"EppingJeromeN",12
"EreliJosephA",12
"FitzpatrickKathleenM",12
"HarrisRianH",12
"LeMonChristopherJ",12
"LimageSimonG",12
"LoiJamesL",12
"MoonPatrickS",12
"RoebuckWilliamV",12
"SergentTalleyR",12
"SESO_ShiftIll",12
"SESShiftIII",12
"ShampaineNicoleD",12
"SheafferGaryL",12
"SpenceMatthewJ",12
"SreebnyDaniel",12
"TomlinsonChristina",12
"YuWenchi",12
"BandoJun",11
"BrimmerEstherD",11
"CEA",11
"ChangBenjamin",11
"ConnellEllenK",11
"GoldbergPhilipS",11
"LakhdhirKamalaS",11
"NasrSValiR",11
"preines",11
"pVerveer",11
"RangaswamyRoopa",11
"ReedJuliaG",11
"RooneyMatthewM",11
"SingerTheodore",11
"VajdaThomasL",11
"WalkeSusanF",11
"AndersonBrookeD",10
"BarksRugglesEricaJ",10
"BellegardeDanielP",10
"BischoffJamesL",10
"BitterRena",10
"BreeseTerryA",10
"cherylmill",10
"Christina_Tchen",10
"CodispotiAaronM",10
"CueLourdesC",10
"DaviesGlynT",10
"ECPODistribution",10
"HickeyMatthewB",10
"HoaglandRichardE",10
"HumaAbedinUNCLASSIFIEDUSDepartmentofStateCaseNoFDocNoC",10
"MarshallCapriciaP",10
"MayhewSarahJane",10
"MeronDavidM",10
"MillsCheryl",10
"NulandVictoria",10
"PriceCarolineL",10
"RossAlec",10
"RuppAbigailM",10
"SchrepelDawnM",10
"SESSWO",10
"ShahRajiv",10
"ShannonThomasA",10
"BanksDana",9
"BennettVirginiaL",9
"BrownJeffersonT",9
"CookNerissaJ",9
"DianeReynolds",9
"DunnDavidB",9
"GENEVASMARTS",9
"GoosbyEric",9
"HolmesDavidA",9
"KennaCorley",9
"KirbyMichaelD",9
"KofmehlScott",9
"lakesullivan",9
"LavyBrendanL",9
"LempertYael",9
"LlorensHugo",9
"LONDONSMARTS",9
"LouisPierreA",9
"MADRIDSMARTS",9
"McMullenChristopher",9
"MellottJoseph",9
"NoyesJulietaValls",9
"PARISSMARTS",9
"PenaLaura",9
"PletukhinaInna",9
"PoppWilliamW",9
"RhodesBenjaminJ",9
"ROMESMARTS",9
"RooneyMegan",9
"SeidenMayaD",9
"ShahPreetiV",9
"SmithJeannemarieE",9
"USEUSMARTS",9
"USUNSMARTS",9
"BeranSarah",8
"BisdeeSharonC",8
"BoeseWade",8
"ClevelandSarahH",8
"GentonThomasR",8
"GoshkoMattE",8
"GranthamChrisW",8
"HAbedin",8
"IrwinMatthewT",8
"KabulPress",8
"KeithJamesR",8
"KujawinskiPeterI",8
"lakesullivar",8
"MacWattersMichaelE",8
"ManaguaPOL",8
"MarchantChristianM",8
"McKeanMargaretB",8
"McLeanLoriA",8
"MoncriefBenjamin",8
"MunterCameronP",8
"MurphyErinL",8
"OlsonMichaelJ",8
"PatelNiravS",8
"PowersRoberto",8
"RanaGautamA",8
"RusselDanielR",8
"RussellDanielA",8
"SacharAlon",8
"SESO_ShiftH",8
"SESShiftI",8
"ShepherdNadiaC",8
"SpectorPhillipM",8
"TchenTina",8
"TonerMarkC",8
"WayneEAnthony",8
"AdamsDavid",7
"BitterMelissaUNCLASSIFIEDUSDepartmentofStateCaseNoFDocNoC",7
"BolandPatrickT",7
"ButenisPatriciaA",7
"CampbellPiperA",7
"CherylMillspVerveer",7
"DiCiccoJohnA",7
"DjerassiAlexanderM",7
"DougBand",7
"DuguidGordonK",7
"EAPFOOfficeDL",7
"EAPPOfficeDL",7
"FaillaceKarlygashB",7
"FooteDanielL",7
"FuchsMH@stategov",7
"GelberEthanM",7
"GoldbergerThomasH",7
"GrazeDeborahE",7
"GrossmanMarcI",7
"GuimondGabrielle",7
"HofFredericC",7
"LangStephanA",7
"LewJack",7
"NulandVictoriaJ",7
"OhtagakiJohna",7
"PasiGeeta",7
"PNEADuty",7
"RankDavidH",7
"RosenbergerLauraM",7
"SheaPeterT",7
"SokolskyRichardD",7
"TaskForce",7
"WilliamsStacyD",7
"AlvaradoRebeccaB",6
"BelmopanSMARTS",6
"BendaSusan",6
"BERLINSMARTS",6
"BernierTothMichelle",6
"BlairOniK",6
"BondyStevenC",6
"BUENOSAIRESSMARTS",6
"CairoConsularAmericans",6
"CARACASSMARTS",6
"CherylMillsCherylMills",6
"ConvardNancyS",6
"CrouchTom",6
"DejbanDonnaD",6
"DowdKatieW",6
"EastKyleD",6
"EchardJohnEJr",6
"FarnsworthSarahW",6
"GerhardsonTimothyE",6
"GrandfieldMaryE",6
"GUATEMALASMARTS",6
"HarrisRobertK",6
"HAVANASMARTS",6
"HillmeyerJohn",6
"HurtadoAntoinetteC",6
"JakabPeter",6
"JohnsonCliftonM",6
"JustinCooper",6
"KINGSTONSMARTS",6
"KurtzPhelanDaniel",6
"MontgomeryMollyC",6
"MoodyKathleen",6
"MooreAnneMarie",6
"NambaNicholas",6
"NassauSMARTS",6
"NepalRohitS",6
"NEWSSCA",6
"OConnorEileen",6
"OTTAWASMARTS",6
"P",6
"PARAMARIBOSMARTS",6
"PattersonAnneW",6
"PinedaSamuelL",6
"PittmanHDean",6
"PortauPrinceSMARTS",6
"PortofSpainSMARTS",6
"QuanrudPamelaG",6
"reinesp@stategov",6
"RyuRexonY",6
"SantiagoSMARTS",6
"SantoDomingoSMARTS",6
"SawyerJulieL",6
"SecheStephenA",6
"ShapiroAndrewJ",6
"ShrierJonathan",6
"SidereasEvyenia",6
"SincavageJustineM",6
"StockAnn",6
"SullivanJacobHumaAbedin",6
"TuckerBeyNicolaT",6
"TuellerMatthewH",6
"VallianiAmira",6
"WallerRobertP",6
"WebsterChristopherW",6
"WeltonDonnaA",6
"WhiteThomasJ",6
"WilsonAntoinette",6
"WittenSamuelM",6
"WittesTamaraC",6
"WrightJessicaN",6
"xHaitiFileMail",6
"YzaguirreRaulH",6
"ZeyaUzraS",6
"AbedinHurna",5
"AltoHaywardM",5
"AmerIbtisam",5
"AmselemWLewis",5
"AshNazaninS",5
"BakerHolliC",5
"BarksRugglesErica",5
"BaxterShawn",5
"BeighleyPaulS",5
"BiomeDonaldA",5
"BosshardtMarciaP",5
"BoswellEricJ",5
"BreedenPhilipX",5
"ButlerLeJuanA",5
"CAStaffersMailbox",5
"CherylDMills",5
"CherylMillsl",5
"ConklinMaeganL",5
"ConnellyMaura",5
"CrowleyKathleen",5
"DanielJoshua",5
"DeeksAshleyS",5
"DewanLindaL",5
"DiminucoStevenL",5
"DingerLarryM",5
"EinhornRobert",5
"EnsorDavidB",5
"FinneyClarenceN",5
"FitchSusanM",5
"FriedDaniel",5
"GrayEugene",5
"GrayGordon",5
"HardySharonL",5
"HarhighJenniferA",5
"HarrellPeterE",5
"HarrisJacquelineA",5
"HaslachPatriciaM",5
"HawkinsJeffrey",5
"HegendorferDarylR",5
"HoltzGretaC",5
"iCherylMills",5
"iSullivanJacob",5
"JacobsGaryM",5
"JulianaPaesDeCastro",5
"KeaysMichaelC",5
"KeenKenLTGUSAUSSOUTHCOM/SCCC",5
"KimYuri",5
"KLEMENTStephan",5
"KumarPremG",5
"LailaKesyaTavaresDeLima",5
"LalisaFroederDittrich",5
"LangAlan",5
"LibbyMarkW",5
"LittlejohnJR",5
"LoweMatthewD",5
"LurieMikeD",5
"MaclnnesDuncanH",5
"MarcheseGregoryM",5
"MaxwellRaymondD",5
"MayerPaul",5
"MayKinW",5
"MeierEdwardF",5
"MeiRichard",5
"MellottWilliamI",5
"MerrillNicholasS",5
"MEXICOCITYSMARTS",5
"muscatinel@stategov",5
"NanavattyKatharineBernsohn",5
"NasrSVailR",5
"NEWSCA",5
"NosselSuzanneF",5
"PerlaLaura",5
"PlowdenMarisaL",5
"PorterMarcR",5
"preinesSullivanJacob",5
"psolisdoyle",5
"QuamLoisE",5
"RamamurthyPradeep",5
"RandDafnaH",5
"RatneyMichaelA",5
"ReinesPhilippe",5
"RickGarcia",5
"sbwhoeop",5
"SchwartzEricP",5
"SES_OS",5
"SESO_ShIftII",5
"SESO_Shiftl",5
"ShoemakerMarleneS",5
"SiekmanKelly",5
"SimonJessicaL",5
"SSRAPStaffAssistants",5
"StellaFreitasChamarelli",5
"StremlauMatthewH",5
"SullivanJacob]",5
"TejparAmiraliI",5
"TovNF@stategov",5
"ValmoroU@stategovi",5
"WaserTamirG",5
"WheelerChelsia",5
"WoytovechSuzonneM",5
"YatesMaryC",5
"AlfordEdwardM",4
"AlvaradoVictoriaA",4
"ArvizuAlexA",4
"AshrafMadeehaS",4
"BakshiAmar",4
"BassJohnR",4
"BassWarren",4
"BealeCourtneyAKramer",4
"BentonCherylA",4
"BorisJohnJ",4
"BoswellEric",4
"BoyerSpencerP",4
"BRIDGETOWNSMARTS",4
"BridgettJonesSundaaA",4
"BrigetyReuben",4
"BrownfieldWilliamR",4
"BrownPaulA",4
"ButtonCase",4
"CAOCSDuty",4
"CarrieThompson",4
"CarterPhillipX",4
"CastilloRaymondA",4
"ChoiSungW",4
"Christina_TchenJacobsJaniceL",4
"ColemanCL@stategov",4
"ConlonStevenM",4
"CookNerissa",4
"CrosbyColinT",4
"DanaHyde",4
"DanFeldman",4
"DaniesJoelD",4
"DaveyJessicaM",4
"DavidowJeffreyS",4
"DavidsonMarkJ",4
"DCCNNHILL",4
"DCSeven",4
"DonnellyKurtD",4
"DonovanJosephR",4
"EikenberryKarlW",4
"EinhornRobertJ",4
"FernandezJoseW",4
"FlemingJohnT",4
"FordRobertS",4
"FriedmanDaniel",4
"FriedrichMaryK",4
"GardnerSteve",4
"GentStephanieR",4
"GEORGETOWNSMARTS",4
"GhoriSabaN",4
"GreeneRichardL",4
"GrencikTheresaA",4
"Hagar_H_HajjarDSIPNEA",4
"HarrisBrianF",4
"HeffernJohnA",4
"HoodJoeyR",4
"HRC",4
"iSullivanJacobi",4
"JamieKelley",4
"JamisonLindaS",4
"JohnsonEricA",4
"jpiercy",4
"KalmbachHeatherE",4
"KennedyJChristian",4
"KimYuriJ",4
"KormanSamuelI",4
"Laurenjilot",4
"Laurenjiloty",4
"LaurenJiloty",4
"LeBaronRichardB",4
"LeMonChristopher",4
"LiptonDavidA",4
"LissaMuscatine",4
"LohmanLee",4
"lSullivanJacob",4
"LuckeLewis",4
"MacInnesDuncanH",4
"MacrayRosemaryR",4
"MacWaftersMichaelE",4
"MakelyEmilyJ",4
"mchaleja@stategov",4
"MeiningerLaurie",4
"MimnaughMaureen",4
"mon",4
"monicahanleyHumaAbedin",4
"mvwcarpenter",4
"NagyEleanor",4
"neaduty@stategov",4
"NEWSPakistan",4
"NEWSSCT",4
"NoraToiv",4
"OSLOSMARTS",4
"PallyMauraM",4
"PelofskyEricJ",4
"PforzheimerAnnie",4
"PhilippeReines",4
"PilzAmandaC",4
"PowellNancyJ",4
"RandolphLawrenceM",4
"RasmussenEric",4
"RiedCurtisR",4
"RothRichardA",4
"RoyNishant",4
"RubinEricS",4
"S_SpecialAssIstants",4
"SavageCaroline",4
"SchedlbauerAmyW",4
"SchwartzLarryR/PPR",4
"ScottRobertK",4
"SESLine_UNGA",4
"SESO_ShiftHI",4
"SESO_ShIftI",4
"ShapiroJeremy",4
"SieversMarcJ",4
"SimonJenniferJ",4
"SimpsonMordicaM",4
"SinghVikramLenderkingTimothyA",4
"SmithEileenW",4
"SmithElizabethS",4
"StrausBeverly",4
"StrobeTalbott",4
"SullivanJacob_I",4
"SullivanJacobUNCLASSIFIEDUSDepartmentofStateCaseNoFDocNoC",4
"SundwallGavinA",4
"SWO",4
"TaskForceHonduras",4
"tkrinvic",4
"TorresSusan",4
"TurkDavid",4
"TurnerScott",4
"WallesJacob",4
"WalshMatthewP",4
"WycoffKarlE",4
"YoungMadelinaM",4
"ZareskiKarenB",4
"AbdallaAlyceN",3
"AbedinH@stategov",3
"ALGIERSSMARTS",3
"AndersonRogerW",3
"AndradeCatherineF",3
"AndrewsTheodoreH",3
"AshDeborahJ",3
"AyresAlyssa",3
"balderstonkm@stategov",3
"BartelsKatharineV",3
"BeckerJohnP",3
"BeecroftRobertS",3
"BenningDouglassR",3
"BiesJohn",3
"BlancJarrettN",3
"BlauRobertI",3
"BlumenfeldJoshuaR",3
"BoothDonaldE",3
"BrandtMarkR",3
"BransonRuthN",3
"BStride",3
"Burnswj@stategov",3
"CairoSMARTS",3
"CampbelIKM@stategov",3
"CasablancaSMARTS",3
"CatalanoElisa",3
"CatherineRimmer",3
"CherylMillspvervee",3
"CherylMillsSullivanJacob",3
"ChoIletDerekH",3
"ClementsKelly",3
"ColbyCooper",3
"ColeyTheodoreR",3
"CousinErtharin",3
"crowleypj@stategov",3
"D",3
"DanDelaneyJr",3
"DavissonBrandon",3
"dband",3
"DeMarcellusRolandF",3
"DesrocherJohnP",3
"DianeSheard",3
"DibblePhiloL",3
"DonlonStevenA",3
"DotsonKylaE",3
"DresselAbigailL",3
"DuboseMaryL",3
"DunnEdwardA",3
"ElliottSusanM",3
"EstradaStephenH",3
"FairfaxKennethJ",3
"FeitmanJeffreyD",3
"feltmanjd@stategov",3
"FitzgibbonsTimothyT",3
"FormanJanice",3
"FrankWisner",3
"FraynePhilipA",3
"GabrielVerret",3
"GarfieldAaronE",3
"GermainEllenJ",3
"GillMuazzam",3
"GireCynthiaL",3
"GoldenJenniferR",3
"GollnerSweetKatharina",3
"gordonph@stategov",3
"GrigolaSandraT",3
"HallAndreaG",3
"HalusAndrew",3
"HanleyMonicaRUNCLASSIFIEDUSDepartmentofStateCaseNoFDocNoC",3
"HarrisGrantT",3
"HarrisJenniferD",3
"HartCliffordA",3
"HibbertSimpsonLisaM",3
"HillJohnJ",3
"HolbrookeRichardC",3
"HormatsRobertD",3
"HumaAbedinState",3
"ItoiKay",3
"JacksonMarjorieW",3
"Jacob",3
"JacobjJew",3
"Jacobjlew",3
"JenningsMonikaD",3
"JohnSachs",3
"JonesJohnsonCarolynD",3
"JonesKerriAnn",3
"JonesStuart",3
"KabraPatricia",3
"KenMichel",3
"KillionDavidT",3
"KromashNeilS",3
"LabowitzSarah",3
"LaceyEdward",3
"LakhdhirKamala",3
"LambertChristopherA",3
"LangeBradleyE",3
"LanierJerryP",3
"laszczychj@stategov",3
"LauraGraham",3
"LeachKirkA",3
"LeafBarbaraA",3
"LeavittWilliamR",3
"LEIVECINDI",3
"LeoneAvaG",3
"LISBONSMARTS",3
"LoraineMangones",3
"MacDonaldAndrewT",3
"MarkDSa",3
"MauldinCarolineP",3
"McAuliffeMarisa",3
"McCormickJamesP",3
"McKayMariaE",3
"McLeodMary",3
"mhcaleja@stategov",3
"MichaelGuest",3
"MirandaJared",3
"MitchellGeorge",3
"MooreJamesR",3
"MurphyWPatrick",3
"MushingiTulinaboS",3
"NaranjoBrianR",3
"NephewRichardM",3
"newmyer",3
"NEWSIran",3
"NormanMarcE",3
"NorthWalter",3
"NOUAKCHOTTSMARTS",3
"OgdenPeterR",3
"OlsonMichael",3
"OstermeierAmyA",3
"OteroMaria",3
"OwenMichaelS",3
"PaigeGebhardt",3
"PALibya",3
"PappasDemitraM",3
"PAPressDutyOfficer",3
"PAPRS_Issues",3
"ParadisoDarraghT",3
"ParsontDianeM",3
"PatelMiraD",3
"PattersonCharlesN",3
"PearceDavidD",3
"PearsonOtisJ",3
"PettitJamesD",3
"PhilGoldberg",3
"PiechowskiJonE",3
"PolaschikJoanA",3
"PolidoroEvelynR",3
"preines@",3
"preinesHumaAbedin",3
"PrinceJonathanM",3
"pvervee",3
"RABATSMARTS",3
"RademacherPaulR",3
"RaoNaveen",3
"RasamimananaJenniferL",3
"ReimerDavid",3
"ReinesPI",3
"RestrepoDanielA",3
"ReynoldsJohnLuke",3
"RolandKevinS",3
"RoseFrankA",3
"RuggieroFrank]",3
"S_SpeclalAssistants",3
"SavageMartha",3
"ScarlisBasil",3
"SchimmelMikeR",3
"SchonanderCarlE",3
"SeaholmRenaM",3
"SES_Shift",3
"SESDutyDeputies",3
"SESO_ShIft",3
"SESO_ShIftIII",3
"SESO_ShlftII",3
"ShahKhushaliP",3
"ShakerJoanP",3
"SMARTS",3
"SmithBethM",3
"SmithGayleE",3
"SnipeAaronD",3
"SpenceMatthew",3
"SpragueBrendaS",3
"SteinbergJB@stategov",3
"SteinDanielD",3
"StephenBosworth",3
"StevensJohnC",3
"StrohMarkE",3
"SullivanJJ@stategov",3
"SullivanMargie",3
"SutphinPaulR",3
"TeelWynneM",3
"TekNathaniel",3
"ThomasHarryK",3
"ThompsonMarkI",3
"ToivNF@stategov",3
"TUNISSMARTS",3
"UNCLASSIFIEDUSDepartmentofStateCaseNoFDocNoC",3
"UnderrinerJohnM",3
"USNATOSMARTS",3
"VallettaSMARTS",3
"ValmoroLJ@stategov",3
"VogelsteinRachel",3
"WadeJosephW",3
"WagnerWilliamT",3
"WalkerStevenC",3
"WalshMelissaD",3
"WestThomas",3
"WhartonDavidB",3
"WhitakerKevinM",3
"WhiteThomas",3
"WiegertJoelR",3
"WitkowskyAnneA",3
"WoodRobertA",3
"YuAlanK",3
"YunJosephY",3
"ZelinskyAaron",3
"ZeyaUzra",3
"#whsr@nsseopgov",2
"AbbaszadehNima",2
"AbedInHuma",2
"AbediriHuma",2
"abroadswathofpeopleservingontheUSNSComfortbothonandofftheship",2
"AdamsDS@stategov",2
"AdlerMichael",2
"AguileraPatricia",2
"AlbaJoannG",2
"AlbrightRichardA",2
"alecross",2
"AndersonLauraE",2
"andradecf@stategov",2
"AndrewRobertB",2
"AnneLyons",2
"ArendtChristieM",2
"AshDeborah",2
"AustinFergusonKathleenT",2
"BakerNatalieA",2
"BalengerDeAraN",2
"BegleyValerie",2
"BennettRuthE",2
"BERUNSMARTS",2
"BeverleyTempest",2
"BitnerStevenR",2
"BlakemanChat",2
"BlayneAllardAliceA",2
"bnolan",2
"BoboJackA",2
"BolandMatthewH",2
"BordleyDonna",2
"BorisJohn",2
"BrancatoGildaM",2
"BrennanPeterM",2
"BrownTodd",2
"bstriderSullivanJacob",2
"BumsWilliam",2
"Burnsstrider",2
"ButteDahlJenniferX",2
"BuzbeeJohnR",2
"BuzenasLisaA",2
"CalabriaMichaelA",2
"CanegalloKristieA",2
"CAOCSSpecialAssistant",2
"CarterNathanC",2
"CaryJeffreyJ",2
"CassidyJosephP",2
"CDMHumaAbedin",2
"CedarAndrewN",2
"CherylDougJustinThereisacontextsectionatthebottomwhichislongerthanIwouldlikebutIthinkitisimportanttoarticulatewhatIsawandwhomIspokewith",2
"cherylmillCherylMills",2
"CherylMillsHumaAbedin",2
"ChitreNandaS",2
"CintronDan",2
"ClarkeRobertJ",2
"ColemanClaire",2
"CooperJohnM",2
"CooperKurtisA",2
"CorneilleFaith",2
"CousensElizabeth",2
"CraftWilliamE",2
"CrowleyPhilipI",2
"DaigleJJeff",2
"DalyJessicaM",2
"DanielJJ@stategov",2
"DavenportPatrickT",2
"DavidsonLynneA",2
"DavidsonMark",2
"DeanNicholasJ",2
"DemingRustM",2
"DePirroVellaM",2
"DerekChollet",2
"DesaultesEricE",2
"DialloRobinD",2
"DickGephardt",2
"DLNSCDemocracy",2
"DLNSCLegalAdvisor",2
"DLNSCReliefStabilizationandDevelopment",2
"DonnellyUNCLASSIFIEDUSDepartmentofStateCaseNoFDocNoC",2
"DorelienAstrid",2
"DorvalChristopher",2
"DrianoSusan",2
"DrianoSusanJ",2
"DuncanDaraL",2
"DunnDavid",2
"EastKyleDBlauRobertI",2
"EEBAMTAAMTADL",2
"EllisonJanineM",2
"EnavCariR",2
"EscrogimaAnaA",2
"EtimLinda",2
"EURStaffAssistantsDL",2
"FedoroffNinaV",2
"FeldmanMichaelA",2
"FernandezKatherineBerglund",2
"FineRicky",2
"FogartyDaniel",2
"FrAlexKarloutsosMarshallCapriciaP",2
"GargPremS",2
"GillisChristopher",2
"GilmoreKristinM",2
"GipsDonaldH",2
"GloverMichaelP",2
"GoroveKatherineM",2
"GraffCorinne",2
"GranthamSuzanneL",2
"HaddaKatherineB",2
"HahsOnaM",2
"HaitiElectionTF",2
"HaitiElectIonTF",2
"HandogJenniferG",2
"HanleyMR@stategov",2
"hanleymr@stategovi",2
"HansonKathleenD",2
"haroldhongjukoh",2
"HarutunianRuben",2
"HataMarianneJ",2
"HaynesJohnD",2
"HegJamesT",2
"HeinemannThomasB",2
"HembryMarcellaG",2
"HochsteinAmosJ",2
"HohChristopherJ",2
"HolmstromToddC",2
"HoltsniderJamesW",2
"hr@attblackberrynet",2
"Huma@clintonemailcom",2
"huma@clintonemailcomUNCLASSIFIEDUSDepartmentofStateCaseNoFDocNoC",2
"HumaAbedinHumaAbedin",2
"HumaAbedinI",2
"HumaAbedinValmoroLona",2
"HurnaAbedin",2
"HurriaAbedin",2
"HurtadoLVictor",2
"icherylmill!",2
"Iewjj@stategov",2
"ISullivanJacob",2
"Ivalmoro",2
"IvalmoroHumaAbedin",2
"Jacob_jJew",2
"Jacob_jlew",2
"Jacobjjew",2
"JacobjJeW",2
"JacobyJuliaI",2
"JamisonJeffreyM",2
"JohnsonBrockA",2
"JohnstonTodd",2
"JonesKernAnn",2
"JonesNatalieR",2
"JudyTrabulsi",2
"KabulExecAdmin",2
"KaganEdgardD",2
"KaiserSandraL",2
"KatsoulosAthena",2
"KazemiShamimUNCLASSIFIEDUSDepartmentofStateCaseNoFDocNoC",2
"KeigherConnolly",2
"KempEdward",2
"KendallDavid",2
"KendrickKatharineA",2
"KleinJenniferL",2
"KoutsisStevenC",2
"KrishnanGanapathisubramanian",2
"KurzbauerRuthA",2
"LamiyaEmmanuelFaber",2
"LaszczychJoanneSullivanJacob",2
"LatifMohammadA",2
"LevineMarneL",2
"LinehanPatrickJ",2
"LogsdonKentD",2
"LonaValmoroSullivanJacob",2
"LouiseIversheadofPIHinHaitiandotherswemetorranintoalongthewayUNCLASSIFIEDUSDepartmentofStateCaseNoFDocNoC",2
"LoveReggieL",2
"LukensLewisA",2
"LuteDouglasE",2
"MacklinRonita",2
"MaggieWilliams",2
"MaherShawnP",2
"MalacDeborahR",2
"MandavillePeter",2
"MandojanaMarcosC",2
"MariaMcFarland",2
"MarisaN",2
"MarkBromley",2
"MarkJPenn",2
"MartinElizabethK",2
"MasonisMelindaJ",2
"MathiasStephen",2
"MauldinJimmyR",2
"McCallDawnL",2
"McCarthyDeborahA",2
"McCartneyDaniel",2
"McCartneyDanielJ",2
"McClanahanJulieA",2
"McCulloughDundasC",2
"McGovernBridget",2
"McKeyDavidG",2
"McLaughlinMegT",2
"McMahonCollin",2
"McPartlandSuzanne",2
"MedeirosEvanS",2
"MelanneVerveer",2
"MenghettiAnita",2
"MesquitaMarioM",2
"METPJF",2
"MillerThomasS",2
"misciagno",2
"MitchellGeorgeJ",2
"MitmanMatthias",2
"MitmanMatthiasJ",2
"monicahanleyHanleyMonicaR",2
"MoonPatrickSUNCLASSIFIEDUSDepartmentofStateCaseNoFDocNoC",2
"MoralesJrHectorE",2
"MossMitchellR",2
"MurphyPhilipD",2
"NarainPaulF",2
"NEAARPDL",2
"NEASyriaDL",2
"NevilleColleenC",2
"NEWSWHA",2
"OConnellAndrewM",2
"OetgenJeromeJ",2
"OkedijiAletaT",2
"OlsonPeterM",2
"PAClips",2
"PalmerChristopherG",2
"ParrsWalter",2
"PASpecialAssistants",2
"PatelReena",2
"PecciaJonathanR",2
"PeItonErin",2
"PellaLaura",2
"PerezLea",2
"PeriaLaura",2
"PetersenMicheleL",2
"PlatukisLaurenD",2
"PoItMichaelC",2
"PollackMargaret",2
"PolleyMaryE",2
"PonemanDaniel",2
"PortauPrinceControlRoom",2
"PowellCatherine",2
"preinespVerveer",2
"PressfieldJustinC",2
"ProsserSarahE",2
"psolisdoylE",2
"RandDafnaFraynePhilipA",2
"RaphelRobinL",2
"RayburnDorothyJ",2
"ReedFrankieA",2
"Reinesp@stategov",2
"RibeiroYemofioYvonneY",2
"RiceSusanE",2
"RichterKimB",2
"RickyFine",2
"RobertKagan",2
"RobinsonDavidM",2
"RobinsonStephanieL",2
"RochmanDanielA",2
"RodriguezHugoF",2
"rodriguezme@stategov",2
"rooneym@stategov",2
"RoySpence",2
"russorv@stategov",2
"Russorv@stategovi",2
"RyanAnnM",2
"S_SpecialAssistants@stategov",2
"S_SpedalAssistants",2
"SadoskiNicholasA",2
"samantha_j_powerCurtisMeghannA",2
"SamanthaPower",2
"SatromRob",2
"SCAPress",2
"SchalowKathryn",2
"SchmiererRichardJ",2
"SchouNinaE",2
"SchwerinDB@stategov",2
"SESLineUNGA",2
"SESO_Shlft",2
"SESO_ShlftI",2
"SESO_ShlftIII",2
"SESS",2
"sgrationGrationJonathan",2
"ShieldsDanielL",2
"SiberellJustinH",2
"SiemerMargueriteE",2
"SieversMarc",2
"SimonJennifer",2
"SirbuMaraL",2
"SmithamThomasD",2
"SobelCharlie",2
"SpragueBrenda",2
"SSpecialAssistants",2
"SSRAP_StaffAssistants",2
"StantonKatie",2
"StarrKatherineL",2
"StrassbergerWilliamR",2
"SullivanJacobCatherineRimmer",2
"SullivanJacobmegrooney",2
"SullivanJacobReplyTopreines",2
"SusanMerten",2
"TalwarPuneet",2
"TauscherEllen",2
"tCherylMills",2
"ThomasGreenfieldLinda",2
"ThomasKatya",2
"ThompsonDeanR",2
"ThurstonMichaelE",2
"TillemannTomicahS",2
"toivnf@stategov",2
"TovNF@stategovi",2
"TraubHerbertS",2
"TurnerGillianH",2
"TurnerKatherine",2
"USArmyenlistedandofficerswheneverIsawthem",2
"VadenAndrewJ",2
"Valmoroll@stategov",2
"ValmoroLonai",2
"VasquezEdgar",2
"VerveerMelanne",2
"WaxmanSharonL",2
"wburnsBurnswj@stategov",2
"WeilLynneA",2
"WhelanMoira",2
"WikiLeaksWG",2
"WolfeDavidC",2
"WolffAlexD",2
"WongYvetteM",2
"woodardew@stategov",2
"WoodardEW@stategov",2
"WoosterHenryT",2
"WoytovechSuzanneM",2
"YehlAshleyC",2
"YoungPhilipX",2
"_S_$peciaIAssistants",1
"#",1
"#whsf#whsr",1
"#whsr",1
"%strideSullivanJacob",1
"AbechnHuma",1
"Abedinhi@stategoV",1
"AbedinHurtle",1
"AbedlnHuma",1
"AbellIda",1
"AbetlinHuma",1
"acob_jJew",1
"acob_jlew",1
"acobj_lew",1
"acobJew",1
"AdamBarratti_DidierLEBRET",1
"AdamsDavidSJustaquickupdateonourwaiverissueUNCLASSIFIEDUSDepartmentofStateCaseNoFDocNoC",1
"adlerce@stategov",1
"AdlerClayK",1
"akesullivan",1
"akesullivari",1
"AkuettehCynthiaH",1
"AlexandreCarl",1
"AlexisBataillon",1
"AllegroneKathleenH",1
"AlysonMcColl",1
"AmendKurtE",1
"AndersonBrooke",1
"AndersonGeralciC",1
"AndersonKernC",1
"AndreLarryE",1
"AndrewJNathan",1
"AndrewNathan",1
"AngelaGoodchild",1
"AngelaGoodchildHenrietteKolb",1
"AngelUrena",1
"AnneDelaney",1
"AnneDelaneydandelaneyHaleyEbeling",1
"arivero",1
"ArztJoAnne",1
"AsadaMatthew",1
"AshNazanin",1
"Astindougllaurahannahischlichtei__",1
"AttachmentsSOkadacallsheetdocOscarthisisfinalcallsheetforFMOkadaCallisconfirmedforamAlsofaxingUNCLASSIFIEDUSDepartmentofStateCaseNoFDocNoC",1
"AttkissonPatricia",1
"AvendasoraDeidraD",1
"BaderJeffreyARusselDanielRCormackMaureenE",1
"BagleyElizabethF",1
"BakerHoIIIC",1
"BakerJoshuaN",1
"BalderstonKrisMUNCLASSIFIEDUSDepartmentofStateCaseNoFDocNoC",1
"BallardEricaL",1
"BarksRudalesEricaJ",1
"BartePeterR",1
"BartonPaula",1
"BartonPaulaJ",1
"BartonRick",1
"BassJohnRKennedyPatrickFReinesohilippe",1
"BastienbelleElizabeth",1
"BastienJoeIleEllzabeth",1
"BastienloelleElizabeth",1
"BastlenJoeIleElizabeth",1
"BeairdRichardC",1
"BeliveauEmmettCrutchfieldDanielleMRhodesBenjamin",1
"BenesKeith",1
"BenjaminDanielS",1
"BenjaminJoffeWalt",1
"BergerSamuelR",1
"BergerSamuelRHRCIwasntsatisfiedbymyanswertoyourquestionabouthowtogainleverageoverthePakistanistomovethemtomoreaggressivelypursueAQIvethoughtaboutitsomemoreandwhileIhavenosilverbulletherearesomefurtherthoughtsMyimpressionisthatthePakistanishavebeenmorecooperativelatelyinassistingustargetsomeAQinPakistanandthatwheretheyholdbackitislessafunctionofaffinitytowardAQandmoreaboutwithwhomAQisimbeddedInparticulartheyseemtobemorereluctanttotargetAQwhereitisnestledwithgroupstheywanttocultivateintheeventweleaveAfghanistanandtheyneedinfluencethereTheyhaveseenthatbeforeandwillhedgetheirbetsSothefirstpointisthatwehavetoaddressthereasonwhytheyareholdingbackIfwecandisabusethemoftheperceptionthatweareleavingAfghanistanitwillbeeasiertogetthePakistanistogoafterAQinsanctuariesprovidedbygroupswhichwouldbepartofafutureAfghanistandominatedbytheTalibanSecondIbelievethatcoercivemeasuresaremorelikelytobeeffectiveiftheyaretargetedagainstmilitaryleaderswhogivesupporttoAQanditsalliesAssumingwehaveadequateintelligencewecangoafterbankaccountstravelandotherreachableassetsofindividualPakistaniofficersraisingthestakesforthosesupportingthemilitantswithoutcreatinganinordinatebacklashBluntermeasuresofcoercionlikeconditioningourassistancearemorelikelytobecounterproductiveGiventhelevelofdistrustforusamongthePakistanipeopletheywouldseethisasanothersharpswingoftheUSpendulumwhichwouldhardentheirattitudesandmakegreatercooperationverydifficultforthePakistanipeopletoacceptTheremaybegreaterleverageingivingthePakistanisincentivestobemoreaggressiveOfcoursethemilitaryscalculationismostimportantImnotsurewhatisontheirshoppinglistthesedaysbutwewouldneedtobalancewhatwouldmovetheneedleonAQagainstundercuttingourefforttogetthemtoshifttheirstrategicfocusawayfromIndiaAtthesametimewecanbeasforwardleaningaspossibleinsupportoftheircounterinsurgencycapabilitiesIftheyfinallytakethatstepwecandoallthatispossibletodemonstratethatourarrowsarealignedwiththeirsOntheciviliansidetheirdesireforgreatercontroloverhowKerryLugarmoneycanbeusedcanbeplayedtoourstrategicadvantageIfwegivethemagreatersensethattheyaredirectingtheuseofthesefundswithoutgreatlyundercuttingtheireffectivenessitstrengthensourpositiontopressthemonAQFinallythereisthedefiningrelationshipwithIndiaAretheremeasuresthattheIndianscouldtakethatwouldreducePakistanianxietiesabouttheIndianfrontandthusbetterenablethemtofocusonthreatstotheEastincludingbothAQandantiIndianmilitantgroupslikeLET?ArethereconfidenceUNCLASSIFIEDUSDepartmentofStateCaseNoFDocNoC",1
"BerryJohnF",1
"betsyebelingCHAbedin@hillaryclintoncom",1
"betsyebelingCHAbedinhillarvclintoncom",1
"BettsTimothy",1
"BistranskyWilliam",1
"BistranslohWilliam",1
"BlairONK",1
"BlakeStephenJ",1
"BlameDonaldA",1
"BlauRobert",1
"BlinkenAntonyJ",1
"BlomeDonaldA",1
"bLuckeLewis",1
"BofillMarijuLUNCLASSIFIEDUSDepartmentofStateCaseNoFDocNoC",1
"BoludaGladys",1
"BomnnerAshleyF",1
"BorodinSara",1
"BothAnitaL",1
"BottiAnitaL",1
"bowensq",1
"BrackenMaryS",1
"Bradley",1
"BrandsWilliamR",1
"BrennanJohn",1
"BrennanJohnB",1
"BrewerCecilyG",1
"BridgedJonesSundaaA",1
"BrigetyReuen",1
"BrooksWaldoW",1
"BrowningSteveA",1
"BrownJessicaA",1
"BrownNatalieE",1
"BrownToddJ",1
"BrudvigLeeA",1
"BrunoLennarquis",1
"BrushJenniferL",1
"BStrideiYamamotoDonaldY",1
"bstrider",1
"BuhlCindPhilbinChristopher",1
"BuhlCindyUNCLASSIFIEDUSDepartmentofStateCaseNoFDocNoC",1
"BulgrinJulieKUNCLASSIFIEDUSDepartmentofStateCaseNoFDocNoC",1
"BurnettAndrewB",1
"Burnsstride",1
"BurnsStrider",1
"Burnsstriderl",1
"BurnsWilliam_I",1
"BurnsWilliamWellsAliceG",1
"BurtonWadeW",1
"ByrnesRobertS",1
"CadeLisaM",1
"CainEmilyE",1
"CaitlinKleyorick",1
"CameronAndreaM",1
"CampbellToddA",1
"CantrellPaulM",1
"CAOCSDutyPrincipals",1
"capriciamarshall",1
"capriciamarshalli",1
"capriciamarshalrcapriciamarshall",1
"CarlYoderSamanthaAECPODistribution",1
"CarolineAdlerCherylMills",1
"CarolineConnolly",1
"CarpenterJonathanJ",1
"CarrawayCassandraB",1
"CaryJeffrey",1
"CassayreMark",1
"CassidyJoseph",1
"CassillyRobertG",1
"CastonguayStephaneM",1
"CatalanoElise",1
"CATaskforce",1
"cconnorslaldySullivanJacob",1
"CDMMaggieWilliams",1
"CekutaRobertF",1
"cganssleyPearsonOtis",1
"ChangMin",1
"CharbonnetLaurentD",1
"ChengDennisW",1
"CherylCherylMills",1
"CherylD",1
"cherylmill!",1
"cherylmillcherylmill",1
"cherylmillcherylmillpVerveerl",1
"cherylmillCherylMillspvervee",1
"cherylmillDearPhilJimandRichardFirstHappyThanksgiving!IammakingFMcallsreAfghanistanwhicharegoingwellandthememconswilldescribethespecificresponsesforourfollowupespeciallyinAthensandBrusselsBelowisamemofromaconcernedobserverabouttheBritishfeelingalienatedfromus/LetmeknowwhatyoueachthinkThxConsensusacrosstheboardinBritain—centerrightleft—isthattheAtlanticalliance—thespecialrelationship—thehistoricbondsinceWorldWarII—isshatteredThereisnodissentingvoicenotoneandtherearenoillusionsOpinionisunanimousThebottomlineisthattheObamaadministrationsdenigrationoftheUKisseenasthesummationoftheBusheraUndoubtedlyyousawthisweekMinisterofDefenseBobAinsworthspubliccriticismofObamasindecisionandhisaccusationthatthepresidentisindifferentanddamagingtoBritishinterestWhileDowningStreetsoughttoamelioratehisremarkswithanoleaginousstatementhisviewissimplywhateveryone—everyone—thinksHisclumsyoutburstwasaclassicgaffe—anembarrassingmistakebecauseitrevealssomethingtrueTheChilcotinquiryofParliamentpubliclyconductinghearingsontheoriginsofUKinvolvementintheIraqinvasionhasputBushswaronterror—andBritishinvolvement—ontrial—andthecalmlyconductedbutevisceratinghearingswillgoonforanotheryearBlairisseenaseithercomplicitonthebasisofknowingtherewasnocasusbelliorasanenthusiasticallydeceivedtoolNickCleggleaderoftheLiberalDemocratshasstatedthatthereasonsupportfortheAfghanistanmissionhascrateredisbecauseoftheliestoldintherunuptotheIraqwar—anotherviewuniversallyheldMeanwhileformerUKambassadortotheUSChristopherMeyerhaspublishedhisnewbookonthehistoryofUKdiplomacywithconcludingsectionsonthedemiseofthespecialrelationshipHeisnotonlybeinginterviewedonallBritishmediabutalsohasappearedasavolublewitnessbeforetheChi!cotcommissionAllBritishnewspapersandjournalshaveprominentlypublishedmanypieceswithinthelastweekonthedeclineandfalloftheUSUKrelationshipPleaseseetheleadeditorialtodayfromtheLondonTimesandthecoverstoryfromtheSpectator—twoofthemostresolutelyproAmericansourcesThetoneisnotresentfulbutreserveddisdainfulandsuperiorTheUSadministrationisconsideredblinkeredparochialandcounterproductiveConservativesaremorecontemptuousthanLabourwhichfeelsabandonedandsomewhatbaffledRatherthaneagertobeObamaspoodleCameronwouldbesuperficiallyfriendlyandprivatelyscornfulClasshasalottodowiththecontemptACamerongovernmentwouldbemorearistocraticandevennarrowlyEtonianthananyConservativegovernmentinrecenthistorysharplycontrastingespeciallywiththestrivingandclasslessperspectiveofthegrocersdaughterMargaretThatcherAndyetthemostrecentpollthisweekshowedLabourwithinstrikingdistanceoftheToriesaboutfivepointsdowntheresultofaslighteconomicuptickAhungparliamentseemsverypossibleGiventhedistributionofvotingpatternsLabourneednotwinapluralitytohavemoreseatsthantheToriesUNCLASSIFIEDUSDepartmentofStateCaseNoFDocNoC",1
"cherylmillpVerveer",1
"Cherylmills",1
"CherylMills_",1
"CherylMills@SteinbergJB@stategov",1
"CherylMillscherylmill",1
"CherylMillsDanFeldman",1
"CherylMillsJustinCooper",1
"CherylMillspverveei",1
"CherylMillspVerveerl",1
"CherylMillspverveet",1
"CherylMillsq",1
"CherylMillsstretchingintothisdecadetheStateDepartmentaswellascrediblehumanrightsorganizationsreportednumerouscasesofrapeandsexualviolenceinSriLankaparticularlyactscommittedagainstwomenheldindetentionbythegovernmentThiswasthebasisfortheSecretarysstatementAtthesametimeinthemostrecentphaseoftheconflictfromtothoughweremaineddeeplyconcernedaboutreportsofextrajudicialkillingsdisappearancesandmistreatmentofdetaineeswehavenotreceivedreportsthatrapeandsexualabusewereusedastoolsofwarastheyclearlyhaveinotherconflictareasaroundtheworldWehopethatthisclarificationputstheissueinitspropercontextThesequestionsshouldnotdetractfromthespecificactionsthatSriLankaneedstotakenowWiththeendofthemilitaryconflictSecretaryClintonbelievesstronglythatSriLankamustfocustothefutureandmoveforwardonthepromotionofpeaceandtheprotectionofhumanrightsThegovernmentofSriLankashouldreleasemorethandisplacedpersonswhoarestillconfinedincampsandleadaprocessofgenuinepoliticalandsocialreconciliationTheUnitedStatesstandsreadytoassistandsupportthepeopleofSriLankawiththesecriticalchallengesOriginalMessage",1
"CherylMillsSubjeCtReForeignAffairsDraftThxprintingnow",1
"CherylMillsTeleprompterisonstagesowhycantweuse?UNCLASSIFIEDUSDepartmentofStateCaseNoFDocNoC",1
"cherylmillSullivanJacob",1
"CherylMillsUNCLASSIFIEDUSDepartmentofStateCaseNoFDocNoC",1
"CherylMillswilliamsbarret",1
"ChesleyMerritt",1
"CholletDerek",1
"Christina_Tche_ni",1
"Christina_TchenacobsJaniceL",1
"Christina_TchencIJacobsJaniceL",1
"Christina_Tcher",1
"Christina_TcherJacobsJaniceL",1
"Christina_TcherkJacobsJaniceL",1
"Christina_TcherqlJacobsJaniceL",1
"ChristinaTchen",1
"christinefalvo",1
"ChueJason",1
"cindiwatsorPhillipsLucianne",1
"cklevorick",1
"ClaireL",1
"ClayNoelC",1
"clIbbc",1
"CluneDanielA",1
"CMSTaskForceLMediaMonitor",1
"CohenJaredA",1
"Coleman",1
"ColemanClaireI",1
"COM",1
"ComfortiPaulA",1
"CookAkunnaEUNCLASSIFIEDUSDepartmentofStateCaseNoFDocNoC",1
"CookstovesTeamCore",1
"CostJeremyE",1
"CowartMarthenaS",1
"CraigTheodore",1
"CravenMarianneX",1
"CrockerRyanC",1
"CrowleyPhiiipJ",1
"CulverChris",1
"CummingsReneeM",1
"CurbsMeghannA",1
"CutronaAimee",1
"cwheatleycganssleyPearsOnOtis",1
"CynthiaWatson",1
"CypherBurleyTriciaB",1
"DaalderH@stategov",1
"DaalderNoH",1
"DamourMarieC",1
"DanCotter",1
"dandelaney",1
"Daniel_A_RestrepcLindwallDavidE",1
"Daniel_B_Shapiro",1
"DanielJJ@stategoli",1
"danieljj@stategov",1
"DavidYoung",1
"DavisJasonL",1
"DavisRichardA",1
"dbanc",1
"dchend",1
"DeanerNicoleA",1
"DeanNicholas",1
"DeBaereJudesE",1
"declankelly",1
"DeHartrtJamesP",1
"delaIglesiaMark",1
"delaIglesiaMarkJ",1
"DelaurentisJeffreyA",1
"DeniseChartrand",1
"DennyBlair",1
"DerekMitchell",1
"DereticZoja",1
"DeutschRobertS",1
"DianeandDaveWeiszYoung",1
"DianeShear",1
"DianeShearBlackJoshua",1
"DiazCarlos",1
"dIbbcg@dlbbcg",1
"DibbleElizabeth",1
"DibbleElizabethI",1
"DiCarloRosemaryA",1
"DickersonElizabethB",1
"dickgephard",1
"dickgephardt",1
"DickmeyerJamesC",1
"DicksonJohnS",1
"DillAlyzzaA",1
"DiMartInoKitty",1
"DingerJohnR",1
"dlbbcgIdIbbcgCherylMills",1
"DNEADutyOfficer",1
"DoddsRebeccaE",1
"DonahueDavidT",1
"DonovanPatrickD",1
"DoughertyThomas",1
"DRLFODL",1
"DruckerJoyE",1
"DSCC—Management_Team",1
"dshapiro",1
"DSIPNEA",1
"DuBordDamonA",1
"DubSoniaS",1
"DuncanShawnH",1
"DwyerStuartA",1
"E_CMS",1
"EAPKDPRKUNITDL",1
"ebahnserHanleyMonicaR",1
"ECA_PE_C_PY",1
"EichensehrKristenE",1
"elehill",1
"Elizabeth_D_SherwoodRandallHartleyBrentR",1
"EmmanuelFaber",1
"EngeikenStephenC",1
"EnsherHenryS",1
"ErinCochran",1
"ES_",1
"ES_ftIII",1
"EscrogirnaAnaA",1
"esherwoodrandallSullivanJacob",1
"ESSWOnly",1
"eSullivanJacob",1
"eSullivanJacobi",1
"EURPress",1
"EURRPMUbya",1
"EURSETUDL",1
"EURWEItalyDL",1
"Evergreen",1
"EversmanSarahM",1
"EversnnanSarahM",1
"EyeStefanieB",1
"Faithdav",1
"FallonRobertMD",1
"FangBay",1
"FatemaSumar",1
"FatherKarloutsos",1
"FedorMarkCDR",1
"FeeleyJohnDresultinginthedeathoftwobodyguardsAninvestigationiscontinuingintothedetailsbutourunderstandingatthispointisthatitwasanattemptedkidnappingtargetingtherelativesofalocalbusinessexecutiveWhileitdoesnotappearthatUSfamiliesweretargetedthesharpincreaseinkidnappingincidentsintheMonterreyareaandthiseventinparticularpresentaveryhighrisktothefamiliesofUScitizenswhomightbebecomeincidentalvictimsUSsecurityandlawenforcementpersonnelhaveengagedlocalandfederalsecurityofficialstoseektheirhelponunderstandingtheimmediaterisksandmeasuresthatcanbetakenIhaveurgedUSfamiliesattheConsulateinUNCLASSIFIEDUSDepartmentofStateCaseNoFDocNoC",1
"FeItmanJeffreyD",1
"FeldmannDavidS",1
"FeltonErin",1
"FeltrnanJeffrey",1
"FeltrnanJeffreyD",1
"FernandezKatherineBerglundUNCLASSIFIEDUSDepartmentofStateCaseNoFDocNoC",1
"firjr",1
"FischerPatrick",1
"FiskTelchiMaryF",1
"ForinoNiniJ",1
"FrAle",1
"FrenchMichaelJ",1
"FreseLaurenK",1
"gailfritzinger",1
"GallegoEnriqueR",1
"GallikerAndrew",1
"GaoYan",1
"GardnerRebeccaV",1
"GardnerUNCLASSIFIEDUSDepartmentofStateCaseNoFDocNoC",1
"GarryConilleJordanRyan",1
"GarryConilleJordanRyanCherylMills",1
"Gary_S_SamoreGeorge_WlookAnita_E_FriedtTimbieJamesP",1
"GatzKarenL",1
"GaudiosiEricV",1
"GearySusanA",1
"GembickiTimothyJ",1
"georgemitchell@stateov",1
"gerardriley@MarranoMarkF",1
"gerarrileMarranoMarkF",1
"GermainEllen",1
"GibbsRobertLVietorTommy",1
"GideonBreslen_lindsayappleby",1
"GideonBreslerlindsayappleb",1
"GipsDonald",1
"GlihaRyanM",1
"GlucksmannSusanaM",1
"GoldbergRX@stategov",1
"GoldwynDavidL",1
"GonzalezJuanSUNCLASSIFIEDUSDepartmentofStateCaseNoFDocNoC",1
"GoodmanMaryBeth",1
"GorelickJamie",1
"GotohKayE",1
"GottemoellerRoseE",1
"GovashiriFerial",1
"GrahamCollierF",1
"GrangerNikolasE",1
"GrantWilliamK",1
"GrationJonathanS",1
"GregoryAdams",1
"gudgeon",1
"gudgeonSatterfield",1
"gudgeonSatterfieldgerardMarranoMarkF",1
"gudgeonSatterfieldigerardrileMarranoMarkF",1
"gudgeoSatterfield",1
"H_CodelTravel",1
"HAbedir",1
"Hagar_H_Hajjar",1
"HaimSaban",1
"HainesAvril",1
"HaitiElectionif",1
"HaleyCynthiaA",1
"HaleyEbeling",1
"HallDavidW",1
"HallettStephanieL",1
"HammerMichaelAChangBenjamin",1
"HanleyMonicaRMSTheplenarywilllikelygountilpmWeshouldplantodepartfortheairportatthattimeitisaminutedrivetotheairportTheplaneisonscheduleforpmwheelsupUNCLASSIFIEDUSDepartmentofStateCaseNoFDocNoC",1
"HannahRichert",1
"HaqNayyera",1
"HarkenriderZachary",1
"HarrisAndrewR",1
"HarrisJenniferM",1
"HatcherStuartM",1
"HAttachmentsKouchnerCallSheetdocOscarthisiscallsheetforFMKouchnerCallisNOTconfirmedyetbutmightbetomorrowmorningIamalsofaxingthisUNCLASSIFIEDUSDepartmentofStateCaseNoFDocNoC",1
"HAttachmentsPointsfordoaOscarcanyoupisprintthiscallsheetforhrcItsforanothercallthatwilllikelyhappentodaythanksUNCLASSIFIEDUSDepartmentofStateCaseNoFDocNoC",1
"HayesJeffW",1
"hdr@clintonemailcomi",1
"hdr@clintonemailcorn`",1
"heathersamuelsonLauraPena",1
"HeffemJohnA",1
"HelfetUNCLASSIFIEDUSDepartmentofStateCaseNoFDocNoC",1
"HeltonFloydKathleenL",1
"HengelDouglasC",1
"HennesseyNilandJohnT",1
"HenrietteKolb",1
"henripaulnormandinIgorKipman",1
"HenriPaulNormandlnikipmanLutFabertGoossensctjgrandersOr",1
"HenshawSimon",1
"Herro_K_Mustaf",1
"herylmilk_",1
"Hi!getNicholasJ",1
"HibbertSlmpsonLisaM",1
"HillJohn",1
"HillPatriciaA",1
"HiltonRobertB",1
"HMitchelltryingtoreachhrconsecurephoneonrdfloorUNCLASSIFIEDUSDepartmentofStateCaseNoFDocNoC",1
"HochsteinAmos",1
"HodgesCarolynC",1
"HodgsonGeorgeW",1
"HoeyColleenA",1
"HohChristopherI",1
"HoltVictoriaK",1
"HolzerHollyC",1
"HowardJeremiahJerry",1
"HowardJulie",1
"HoylePeggyA",1
"HuangCindyV",1
"HudsonCameronC",1
"HuizingaToddM",1
"Hum@Abedin",1
"huma@clintonemailcomehunna@clintonemallcom",1
"huma@clintortemailcom",1
"HumaAbedIn",1
"HumaAbedin//",1
"HumaAbedin`",1
"HumaAbedinH",1
"HumaAbedinHappytochatatyourconvenienceUNCLASSIFIEDUSDepartmentofStateCaseNoFDocNoC",1
"HumaAbedinLibyaTalkingPointsforPrincipalsUNCLASSIFIEDUSDepartmentofStateCaseNoFDocNoC",1
"HumaAbedinMSIwillbesendingyouarevisedtomorrowshortlywiththeHadley/BergerbriefingscheduledforpmimmediatelyaftertheSmallGroupinDonilonsofficeThankyouLonaUNCLASSIFIEDUSDepartmentofStateCaseNoFDocNoC",1
"HumaAbedinnUNCLASSIFIEDUSDepartmentofStateCaseNoFDocNoC",1
"HumaAbedinReminderaftertheinterviewbeforeyouleavethesuiteifpossibleUNCLASSIFIEDUSDepartmentofStateCaseNoFDocNoC",1
"HumaAbedinSUbjectTHANKYOUUNCLASSIFIEDUSDepartmentofStateCaseNoFDocNoC",1
"HumaAbedinToivNoraF",1
"HumaAedin",1
"HumAbedin",1
"HumaCameron",1
"HUNCLASSIFIEDUSDepartmentofStateCaseNoFDocNoC",1
"HunterRobert",1
"HurlbutBrandonK",1
"hurna@clintonemailcorn`",1
"hurna@clintonemailycom",1
"HushekThomas",1
"HylandJasonP",1
"IcconnoilljaldYSullivanJacob",1
"IcconnorjSullivanJacob",1
"Icherylmill",1
"icherylmillpVerveer",1
"iCherylMillsl",1
"IchordRobertF",1
"ichristinefalvo",1
"IFrontOfficeusersDL",1
"IgeorgeWallesJacob",1
"IHAbedin",1
"ihanleymr@stategoV",1
"ihanleymr@stategovi",1
"ihuma@clintonemailcomi",1
"IJacob_h_lew",1
"IJacobj_lew",1
"IJilotyLaurenCi",1
"ILaszczychj@stategovt",1
"ilaurenjiloty",1
"IlksonJessie",1
"ImeldaPanguito",1
"IMillsCD@stategove",1
"imisclagno",1
"ImmigrationCoreList",1
"imsteenburg",1
"Imuscatine_SullivanJacob",1
"ImuscatineSuIIivanJJ@stategov",1
"ImuscatineSullivanJacob",1
"ImuscatinESullivaral@stategov",1
"ineaduty@stategovi",1
"InfanzonJames",1
"INRSTAFFER",1
"IOSanctionsDL",1
"IrfanSaeedJennPresswallaJanellePerezjuliefernandesMonicaRamire",1
"IrfanSaeedJennyPresswallaJanellePerezjuliefernandesMonicaRamirez",1
"irrussony___",1
"isamantha_Lpower",1
"isamantha_LpowerSchwartzEricP",1
"ISullivanJacobi",1
"ISullivanJacobl",1
"ISullivanJacoblUNCLASSIFIEDUSDepartmentofStateCaseNoFDocNoC",1
"Isulliyanjj@stategov",1
"itkrinvic",1
"IvalmorcHumaAbedin",1
"IvalmorcSullivanJacob",1
"Izimmerebneroscar",1
"JacksonGina",1
"Jacob_b_lewJacobj_lew",1
"Jacob_j_IeW",1
"Jacob_jleW",1
"Jacob_lew",1
"JacobCherylMills",1
"JacobIlewLaszczychJoanne",1
"Jacobj_le%",1
"Jacobj_le■",1
"Jacobjle",1
"Jacobjlev■",1
"JacobjleW",1
"Jacoblew",1
"JacobsJaniceI",1
"JacobsMorrisE",1
"JacobsonDavid",1
"JacobsSusanS",1
"JacobSuliivan",1
"JakabPeterCrouchTom",1
"JakabPeterCroucTom",1
"jakesUllivanCherylMills",1
"JBrownSullivanJacob",1
"Jeffrey_A_Bader",1
"JesterChristopherP",1
"jilotyLaurenC",1
"JilotylC@stategov",1
"JilotyLC@stategoV",1
"jlichtman",1
"JoanneCarter",1
"Johnjones@schumersenategov",1
"JohnMichaelArnold",1
"johnsexton",1
"JohnsonDannStarkePetra",1
"JohnsonDarin",1
"JohnsonDavidT",1
"JohnsonMichelleL",1
"Jondoug",1
"JonesK@stategov",1
"jonespw@stategov",1
"jonrdavidson",1
"JoyceSeanM",1
"JoyceSeanMHainesAvrilBrennanJohnCanegalloKristieA",1
"JudyLichtman",1
"JudyOwen",1
"JulianaGendelman",1
"JungThomasT",1
"justin",1
"jzimmerebnerloscarcwheatley",1
"KabulEXECCDDEA",1
"KahnCarolR",1
"KaidanowTunaS",1
"KaplanJonathanE",1
"KaplanSidL",1
"karamcdonaldReynosoJulissa",1
"KatrinePritchard",1
"KatzDavidJ",1
"KaziPamelaR",1
"KearnsMichaelJ",1
"KeeganDavid",1
"KeeneDebraS",1
"KeeneMattE",1
"KelleyJohnC",1
"KellylanC",1
"KellyThomasP",1
"KenneayuavidJR",1
"KennethLieberthal",1
"KhannaMelanie",1
"KidwellMichaelR",1
"KifayatAdnan",1
"KimbrellRebecca",1
"KincannonJohn",1
"KingRobertR",1
"KirshnerJoshH",1
"KizerKarinL",1
"KlemmHansG",1
"KleyorickCaitlin",1
"KnightStephenB",1
"KnopfPaytonL",1
"KoryckiLeonard",1
"KosnettPhilipS",1
"KoteCkiStephanieL",1
"KotecklStephanieL",1
"KozlowskiThomasG",1
"KritenbrinkDanielJ",1
"KrolGeorgeA",1
"KudwaAmy",1
"LabowitzSarahB",1
"LaGuardiaMarthaCDR",1
"lakesulliva",1
"lakesullivaml",1
"lakesullivan@",1
"lakesullivanemegrooney",1
"lakesullivani_",1
"lakesullivarbHumaAbedin",1
"LaLimeHelenPretoria_POLDL",1
"LaLimeHelenUNCLASSIFIEDUSDepartmentofStateCaseNoFDocNoC",1
"Lamiya",1
"LamMonicaM",1
"LanaValmoro",1
"LangKarinM",1
"LangKimberlyC",1
"LanMelissa",1
"LannyJDavis",1
"LasenskyScottB",1
"LaszcchVstategovisuIlivanjj@stategov",1
"LaszcrychJoanne",1
"LaszczvchJoanne",1
"laurahannahjschlichter",1
"laurahannahjschlichtermsteenbursIzimmerebneroscarcwheatleycganssleyPearsonOtisJ",1
"LaurenjiloKlevorickCaitlinB",1
"LaurenjilotY",1
"LaurenjilotYKlevorickCaitlinB",1
"LaVineChristopherM",1
"lcherylmill",1
"lCherylMills",1
"LearyThomasM",1
"LeeMichelleA",1
"LeMonChristopher]",1
"lenderkingTimothyA",1
"LenderkngTimothyA",1
"LettStevenW",1
"LevyBrendanL",1
"LewisJessica",1
"LewisKatrinaE",1
"lewjj@stategov",1
"lhanleymr@stategovl",1
"LimbertJohnW",1
"LindseyBruce",1
"LinehanPatrick",1
"ljakesullivari",1
"lmuscatineSullivanJacob",1
"lnfanzonJames",1
"LoiJameslJtJenniferP",1
"loivnf@stategov",1
"LomellinCarmen",1
"LonaJValmoro",1
"lonaStoll",1
"LonaValmoraSullivanJacob",1
"LonaValrnoroSullivanJacob",1
"LookKarinL",1
"LopatkiewiczViktoria",1
"LorenzAndrewR",1
"LottCatie",1
"LovelaceLaurenH",1
"LoweMatthew",1
"LuChristopherP_SmithElizabethSKimballAstri",1
"LudingtonRob",1
"LundebergGretaJ",1
"LutenDrew",1
"LutFabertGoossensMertenKennethH",1
"luzzattcHumaAbedin",1
"luzzatto",1
"Luzzatto",1
"LuzzattO",1
"luzzattoHumaAbedin",1
"LuzzattoLaurenjiloty",1
"lvalmoro",1
"LyndsayHuot",1
"LynnePBrown",1
"M_SpecialAssistants",1
"M_Staff",1
"MacmanusJoseph",1
"MacmanusJosephEialAssistants",1
"MacnnanusJosephE",1
"MaierChristinaA",1
"MakelyEmily",1
"MalloryGabrielleG",1
"MandevillePeter",1
"MangiaracinaSaraA",1
"MannerWalterN",1
"mansurykoppell",1
"mansurYkoppell",1
"MaranoGastonM",1
"MarcielScotA",1
"MariaLe",1
"MariaLee",1
"MarkoffMicheleG",1
"MarlineAlexis",1
"MarlonDMarshall",1
"marODistribution",1
"marshallcp@stategov",1
"MartinIndyk",1
"MartinPeterG",1
"MarutChristopher",1
"MarutChristopherJ",1
"MarvinDiana",1
"MaryPodesta",1
"MasonisMelinda",1
"MasonsMelinda",1
"MassingaLauryne",1
"MasumiZahra",1
"MatanoAlbertK",1
"MatinSeemaW",1
"matsouka",1
"MatternDanielS",1
"MauldinCP@stategov",1
"maxholtzmanchristineturner",1
"MayekarSamirS",1
"McCawleyDavid",1
"McClureKimberlyM",1
"McConnBethD",1
"McDonoughDenisRVermaRichardR",1
"McEidowneyNancyE",1
"McEldowneyNancyEUNCLASSIFIEDUSDepartmentofStateCaseNoFDocNoC",1
"McGahueyAnnB",1
"McGlynnWilliam",1
"McKelloggKellyE",1
"McKeonBrianPMustafaHerroK",1
"McKeonBrianPMustafaHerroKBlinkenAntonyJ",1
"McKittrickPeter",1
"McNicholasDanielF",1
"McVerryJamesA",1
"MealeDavid",1
"MeehanBernadetteM",1
"megroone",1
"megrooney",1
"megrooneySECRETARYOFSTATEHILLARYRODHAMCLINTON###UNCLASSIFIEDUSDepartmentofStateCaseNoFDocNoC",1
"MehlenbacherKelly",1
"MehlenbacherKellyJ",1
"MeiningerLaurieJYoungMadelinaM",1
"MEKIssues",1
"MelanneVerveerSullivanJacob",1
"MelissaSilverman",1
"MemmottLarryL",1
"MershonMichael",1
"MessinaJamesASheehyUbKristinJ",1
"MEXICOCTTYSMARTS",1
"MierAlex",1
"mikemanatos",1
"MilIsCD@stategov",1
"MillerEricaD",1
"MillerGinaL",1
"MillerJamesN",1
"MilletteJamesL",1
"Mills",1
"millscd@stategoV",1
"MillscD@stategov",1
"MillsCD@stategove",1
"MillsCD@stategovi",1
"MillsCD@stategovl",1
"MillsCheryl!SullivanJacob",1
"MillsCherylID",1
"misciagnoKirbyMichaelD",1
"MitchellAndrewB",1
"MitchellDerek]",1
"MitchellDerekJ",1
"mitchellg@stategov",1
"MolnarErinM",1
"MoloneyKittsMicheleA",1
"monicahanle",1
"monicahanleYHanleyMonicaR",1
"monicahanleYHumaAbedin",1
"monicahanleyrussorv@stategov",1
"MooreDonaldL",1
"MorganJackA",1
"MorrisJoshuaC",1
"MorrisonChristopherA",1
"MorrisonGregoryR",1
"mreMorganG",1
"mspencejtierHolbrookeRichardC",1
"mspenceWenHolbrookeRichardC",1
"msteenburg",1
"MuenchSandraM",1
"mulet__DidierLEBRET",1
"MullStephen",1
"munterCameronP",1
"MuradEshelWilliam",1
"MurphyPhilipDUNCLASSIFIEDUSDepartmentofStateCaseNoFDocNoC",1
"MurphyRuthL",1
"mvwcarpenterToivNoraF",1
"NairobiPOLCORE",1
"NajjarHagarH",1
"NamdeJoyceW",1
"NancyVictorino",1
"NardiMargaretH",1
"natarshawright",1
"natarshawrightI",1
"NawabAhmedE",1
"NEAFODL",1
"NEAMAGDL",1
"NEAPressDL",1
"NEARMADL",1
"NEAStaffAssistantsDLcialAssistants",1
"NEAStaffUNCLASSIFIEDUSDepartmentofStateCaseNoFDocNoC",1
"NellisJonathanJ",1
"NelsonDavidD",1
"NepalRohit",1
"NesheiwatJulia",1
"NEWSAfghanistan",1
"NEWSEUR",1
"NEWSH",1
"NEWSLibya",1
"NEWSNEA",1
"NEWSRussia",1
"NEWSSC",1
"NEWSSudan",1
"NightengaleCoreyX",1
"NolanEdwinR",1
"nolanse@stategov",1
"NoorAliSehreenI",1
"NooryLidaS",1
"NormanVerity",1
"NoronhaJenniferW",1
"NoseFrankA",1
"NovakLisa",1
"NoyesJubetaValls",1
"NulandVictoria]",1
"NulandVictoriaHammerMichaelA",1
"NulandVictoriaSullivanJacob",1
"NystromDwightD",1
"OBrienJohn",1
"OBrienJohngailfritzinger",1
"OBrienVincent",1
"OConnorJenniferPowellBenjamin",1
"OhadCohen",1
"OhtagaldJohna",1
"OliveAlexisS",1
"OLoughlinNeal",1
"OlsonMichael]",1
"ONeilChristopherLCDR",1
"ONeillMaura",1
"OpsTargeted_Alerts_DS_DL",1
"OrjalesRodolfo",1
"OrtizMichaelKammererChelseaMilakofskyBenjaminELuChristopherP",1
"OscarFloresAttachmentsJointStatementonBPCStatusdocImportanceHighAttachedisthejointstatementontheUSRussianCommissionthatjustwentoutBillBurnsandJacobcleareditbutwanteditsenttoyouasanfyiaswellOscarcanuprintaswellUNCLASSIFIEDUSDepartmentofStateCaseNoFDocNoC",1
"OscarFloresNorwegianfmstoeresetforamCallsheethasbeenfaxedUNCLASSIFIEDUSDepartmentofStateCaseNoFDocNoC",1
"OscarFloresOpswillconnecttorndonilontoresidenceatpmfornonsecurecallfliUNCLASSIFIEDUSDepartmentofStateCaseNoFDocNoC",1
"OscarFloresSenatorkerryaskingtotalkAsyouknowheisoverseasHesavailablethisamopscanconnectwhevenverucallinUNCLASSIFIEDUSDepartmentofStateCaseNoFDocNoC",1
"OscarFloresTomdonilonaskingtohaveasecurecallwithyouWhencanudoit?InnUNCLASSIFIEDUSDepartmentofStateCaseNoFDocNoC",1
"OscarFloresUNCLASSIFIEDUSDepartmentofStateCaseNoFDocNoC",1
"OscarFloresYoushouldleaveatamtomorrowforpmshuttleUNCLASSIFIEDUSDepartmentofStateCaseNoFDocNoC",1
"oterom",1
"PaetzoldKariA",1
"PAFOCore",1
"PAFOGroup",1
"PalaiaThomas",1
"ParkerEmily",1
"ParrisMark",1
"PARRU",1
"PascualCarlos",1
"PatelShraddha",1
"PattariniDanielM",1
"PaulFarmerJennieBlock",1
"PaulOBrien",1
"Paulweisenfeld",1
"PavelBarryS",1
"PawlyszynAlejandra",1
"PeaseLeahM",1
"PefiaLaura",1
"PennSteve",1
"PerryElizabethL",1
"PerryMark_DP_RandolphLawrenceM",1
"PerryMarkDRandolphLawrenceMAiers",1
"PerryMarkDRandolphLawrers",1
"PerryMarkIDRandolphLawrencelgiers",1
"PeterBrennan",1
"PfburnerWalterN",1
"PfeifferDanaEalonsCoreyA",1
"PhelanDonnaA",1
"PhilbinChristoher",1
"PierceThomasJN",1
"PierceThomasN",1
"PIR",1
"PittmanSaynoraD",1
"PittmanSusanR",1
"PJ",1
"PlackDavid",1
"PlechowskiJonE",1
"PletukhinaIrma",1
"PlumeAbedin",1
"PolaschikJA@stategovi",1
"PolaskiSandraILAB",1
"PomperStephen",1
"PonemanDania",1
"PopalMustafaM",1
"posnermhKohHaroldHongju",1
"PottsJamesH",1
"PoundsTimothyJ",1
"PovenmireSusanL",1
"PowerSamantha",1
"PowerSamanthaJ",1
"preinesCherylMills",1
"preinespvervee",1
"preinesSchwerinDanielB",1
"PricePennyL",1
"PrideMargaret",1
"Principles_Design_WorkingDraftpdfHRCIamattachingamatrixofpriorlanguagethathasbeenusedinconnectionwiththemajorIsraeliPalestinianissuesItwaspreparedinthecontextoflanguagetheUSmightuseifitweretoarticulateprinciplesnotprinciplestowhichthepartiesmightagreebutitprovidesmostofthelanguagethathasbeenusedinthepastwithcitationsTheUSIPMiddleEastgroupSteveandIchairdecidedthatratherthanissueastaticreportwewouldprepare/commissionaseriesoftimelyandspecificpapersthatwewouldprovideprivatelytotheAdministrationAsyouknowAbbaspositioniscrumblingBasedonmyconversationwithhimwhenhewashererecentlyIthinkheisgenuinelycommittedtoanagreementHehopesthatifthisfailsBibiwillseemtobeunreasonableAndinthateventIexpecthewillresignHisminimalrequirementistheequivalentofThisisalltrickybusinessbutIdontthinkwehavearesponsiblechoicenottomakethiseffortItisthehighestformofstatesmanshipforyoutotryIamleavingonMondayforsomeforeigntravelbutcanbereachedthroughmyofficeLauraHuberSandyUNCLASSIFIEDUSDepartmentofStateCaseNoFDocNoC",1
"PRS_Issues",1
"psolisdovle",1
"PVerveer",1
"RabbiMarvinHier",1
"RabensAndrewC",1
"RachmanDanielA",1
"RamamurthyPradeep%McDonoughDenisR",1
"RamotowskiEdward",1
"RAMSAYJAIME",1
"RAMSAYJAIMETi",1
"RAMSAYJAIMEVBrassaniniDavidG",1
"RandolphLawrenceMAlgiers",1
"RandolphLawrenceMAliers",1
"RannebergerMichaelE",1
"RappLaurelT",1
"RathburnThomasG",1
"RatneyMichaelAUNCLASSIFIEDUSDepartmentofStateCaseNoFDocNoC",1
"RayTerrillW",1
"RCH_Comms",1
"ReedJG@stategov",1
"ReganMichaelB",1
"ReifsnyderDanielA",1
"ReillyPatrickK",1
"ReinesPhilippeIWhostoblameforthecontinuedfailureoftheMiddleEastpeaceprocess?FormerPresidentBillClintonsaidtodaythatitisIsraeliPrimeMinisterBenjaminNetanyahuwhosegovernmentmovedthegoalpostsupontakingpowerandwhoseriserepresentsakeyreasontherehasbeennoIsraeliPalestinianpeacedealClintoninaroundtablewithbloggerstodayonthesidelinesoftheClintonGlobalInitiativeinNewYorkgaveanextensiverecountingofthedeteriorationintheMiddleEastpeaceprocesssincehepressedbothpartiestoagreetoafinalsettlementatCampDavidinHesaidtherearetwomainreasonsforthelackofacomprehensivepeacetodaythereluctanceoftheNetanyahuadministrationtoacceptthetermsoftheCampDaviddealandademographicshiftinIsraelthatismakingtheIsraelipubliclessamenabletopeaceThetwogreattragediesinmodernMiddleEasternpoliticswhichmakeyouwonderifGodwantsMiddleEastpeaceornotwereputupthedealthatwasofferedtothembeforemydealthattheywouldtakeitClintonsaidreferringtotheCampDaviddealthatYasserArafatrejectedButtheIsraeligovernmenthasdriftedalongwayfromtheEhudBarakledgovernmentthatcamesoclosetopeaceinClintonsaidandanynewnegotiationswiththeNetanyahugovernmentarenowonstarklydifferenttermstermsthatthePalestiniansareunlikelytoacceptForreasonsthatevenafteralltheseyearsIstilldontknowforsureArafatturneddownthedealIputtogetherthatBarakacceptedhesaidButtheyalsohadanIsraeligovernmentthatwaswillingtogivethemEastJerusalemasthecapitalofthenewstateofPalestineIsraelalsowantsanormalizationofrelationswithitsArabneighborstoaccompanyapeacedealClintonsaidthattheSaudiinspiredArabPeaceInitiativeputforthinrepresentedananswertothatIsraelidemandTheKingofSaudiArabiastartedliningupalltheArabcountriestosaytotheIsraelisifyouworkitoutwiththePalestinianswewillgiveyouimmediatelynotonlyrecognitionbutapoliticaleconomicandsecuritypartnershipClintonsaidThisishugeItsaheckofadealTheNetanyahugovernmenthasreceivedalloftheassurancespreviousIsraeligovernmentssaidtheywantedbutnowwontacceptthosetermstomakepeaceClintonsaidUNCLASSIFIEDUSDepartmentofStateCaseNoFDocNoC",1
"ResideJulieM",1
"RestrepoDanHumaAbedin",1
"RibeiroYemofioYvonneYUNCLASSIFIEDUSDepartmentofStateCaseNoFDocNoC",1
"RicciAnthonyP",1
"RicciardoneFrancisJ",1
"RichardDonaF",1
"RichardElizabeth",1
"RiesMarcieB",1
"RivaGeogheganMargaritaM",1
"roberthunte",1
"RobertsGuinnevereE",1
"RobertsonThomasB",1
"robertwaller@nsseopgov",1
"RobinsonBrooksA",1
"RodriguezAlberto",1
"RodriguezCiampoliFabiola",1
"RodriguezMiguelEAnnStockwasjustconfirmedbytheSenateUNCLASSIFIEDUSDepartmentofStateCaseNoFDocNoC",1
"RosenstockMatthew",1
"RosenthalHannah",1
"RoskampPhilipW",1
"RosnerJeremyD",1
"Rossommyeid",1
"rownSullivanJacob",1
"RubinBarnettR",1
"RubinEric",1
"RudmanM@stategov",1
"RuggieroFrankJSinghVikramJ",1
"RussellbanielA",1
"Russoniov",1
"Russorv@stateov",1
"Russory@stategov",1
"russorystateov",1
"ruthgold",1
"S_SpecIalAssistants",1
"S_SpecialAssistantsUNCLASSIFIEDUSDepartmentofStateCaseNoFDocNoC",1
"S_SpecialAssistarits",1
"S_SpecialAsslstants",1
"S_SpeclalAssigants",1
"SalyerAllison",1
"Samantha_J_Powerdrestrepo",1
"Samantha_l_Powei_SchrepelDawnM",1
"Samantha_l_Powerdrestrepo",1
"samanthaj_power",1
"SamanthaPower›",1
"SamDaleHarrisJoanneCarter",1
"SamDaleyHarris",1
"SamuelBergerAttachmentsPrinciples_Design_WorkingDraftpdf",1
"SandersCorinaR",1
"SandraNoelKenelPierre",1
"SandyNadeau",1
"Satterfieldgerard",1
"SaudiWomenforDrivingDpst___kycpJ_Z",1
"SCAINDIAONLYDL",1
"SchamingJennifer",1
"ScheibeLauraK",1
"SchelandMarkDL",1
"SchiebelRussellA",1
"SchlachterMarkM",1
"SchlicherRonald",1
"SchlicherRonaldKennaLisaD",1
"SchlIcherRonaldL",1
"SchmonseesWilliam",1
"SchonanderCE@stategov",1
"SchwartzLarryFt/PPR",1
"ScottMarianneC",1
"Se!lidoMichaelP",1
"SeagrovesCliftonC",1
"SeanMisko",1
"seansharifi_",1
"SearsTanyaS",1
"SeIlittoMichaelP",1
"SellittoMichaelP",1
"SergentTalleyUNCLASSIFIEDUSDepartmentofStateCaseNoFDocNoC",1
"ServelloAlyssaN",1
"SES__OS",1
"SES_hiftII",1
"SES_PutyDeputies",1
"SES_ShiftI",1
"SES_ShiftII",1
"SES_ShiftIII",1
"SES‘OS",1
"SESCMS",1
"SESO_SCalls",1
"SESO_ShIftH",1
"SESO_ShiftIIPSES_",1
"SESO_ShiftIl",1
"SESO_Shiftll",1
"SESO_ShiltIII",1
"SESO_ShittI",1
"SESOOS",1
"SESOShift",1
"SESOShiftII",1
"SESOShiftIll",1
"SESOSwantsendoffightingLibyanenvoy",1
"SESQShiftI",1
"SESShIftI",1
"SESShit",1
"SESShlftI",1
"SESSWOa",1
"SESWO",1
"SFS",1
"sgrationGrationJonathanS",1
"ShahRajivPavelBarryS",1
"ShahRaljiv",1
"ShahShivamMa!lick",1
"ShakirDeenaS",1
"ShannpaineNicoleD",1
"shapiroa@stategov",1
"shapiroaj@stategov",1
"ShapiroJeremyworkoneconomicissuesliquidityandpaymentstothuwarandmartyrfamiliesandpreparefortheelectionItwillnotbeabletoundertakemajordecisionssuchasapprovingnewoilleasesrebuildinginfrastructureorsettingoutnewforeignpolicydirectionsHereiteratedthattheremustberoomgiventoalKeebtoimplementastronggovernmentwithouttheinterferenceoftheTNCandaljalilHesaidhewouldusehispoliticalvoicetoremindaljalilandtheTNCthattheyshouldnotmeddleanylongerinaffairsregardingtherunningofthecountryUNCLASSIFIEDUSDepartmentofStateCaseNoFDocNoC",1
"SheherdNadiatkrinvic",1
"SherwoodRandallElizabethDBaconBrianSBirdDebraDChaseCynthiaHayesJeffWLebsonEricMINusratyTemimHPrattRobertTSmithBarbaraJ",1
"SherwoodRandallLiz",1
"SibereliJustinH",1
"SidereasEvyenla",1
"SidereasEvyria",1
"SieversMarcJBiomeDonaldA",1
"SimonSteven",1
"SimpsonShenoaL",1
"SingerTheodoreJWalkerBridgetteL",1
"SinghAram",1
"SinghVIkram",1
"SinghVikram]",1
"SinghVikramI",1
"SinghVIkramJ",1
"slaughtera@stategov",1
"SloatAmandaL",1
"SmithDana",1
"SmithJeannemarleE",1
"SmithPamela",1
"SokoskyRichardD",1
"SomersetAnnD",1
"SommersScottE",1
"SP_StaffAssistants",1
"SpechtLinda",1
"SpenceMatthewJCampbellKurtM",1
"SpilsburyJohnV",1
"SpringMichaelG",1
"SseilerKohHaroldHongju",1
"StaalThomasH",1
"StanleyJuliaR",1
"StarkePetra",1
"StatenVerneII",1
"SteinbergJames",1
"StephenBoswortil",1
"StephenBoswortt",1
"StevenFisher",1
"StevensJacobD",1
"StJohnJordan",1
"StowellJosephW",1
"stratcomm",1
"StricklerAdam",1
"SudanDesk",1
"SudhaSrivastava",1
"suIlivanjj@stategov",1
"SulemanArsalan",1
"Sullivan",1
"Sullivan@stategov",1
"Sullivan@stategovi",1
"Sullivanacob",1
"sullivanb@stategov",1
"SullivanDavidB",1
"SullivanDavidBStatenVerneII",1
"sullivanii@stategov",1
"sullivanij©stategov",1
"sullivanil@stategov",1
"Sullivanil@stategov",1
"Sullivanil@stategovi",1
"SullivanJacob„I",1
"SullivanJacobAttachmentsUSIPdoaMadamSecretaryAttachedandbelowpleasefindabriefbackgrounderontheUnitedStatesInstituteofPeacePleaseletmeknowifyouwouldlikeanyfurtherinformationThanksMikeUnitedStatesInstituteofPeaceBackgroundProposalsforthecreationofagovernmentpeaceagencystretchasfarbackasaproposalintocreateaPeaceOfficeonparwiththeWarDepartmentBetweenandoverbillswereintroducedinCongresstoestablishpeacerelatedagenciesdepartmentsbureausandcommitteesofCongressInCongressestablishedtheCommissiononProposalsfortheNationalAcademyofPeaceandConflictResolutionIntheCommission—knownastheMatsunagaCommissionforitsheadSenatorSparkMatsunaga—recommendedthecreationofanationalpeaceacademyInPresidentReagansignedtheUnitedStatesInstituteofPeaceActandthefirstmeetingofUSIPsBoardofDirectorstookplaceinTheUSIPActestablishedanindependentnonprofitnationalinstitutetoservethepeopleandtheGovernmentthroughthewidestpossiblerangeofeducationandtrainingsbasicandappliedresearchopportunitiesandpeaceinformationservicesonthemeanstopromoteinternationalpeaceandtheresolutionofconflictsamongthenationsandpeoplesoftheworldwithoutrecoursetoviolenceUSIPisanindependentagencyfundedbyCongresswhichservesasanintersectionbetweenthoseinvolvedinpolicyresearchfieldworkandpractitionersMorethanUSIPpolicyexpertsconductresearchonawidevarietyofcountryspecificandcrosscuttingfunctionalissuesSomeexamplesofUSIPactivitiesinclude®WorkingincountriessuchasIraqSudanNigeriaUgandaPakistanandAfghanistantomediateandfacilitatedialogueamongpartiesinconflictpromotetheruleoflawstrengthencivilsocietyandeducationsystemsandeducatingthepublicthrougheventsfilmsandotheroutreachOUSIPhasgivenout$millioningrantsforoverpeacebuildingprojectsincountries®USIPhostsstandingworkinggroupsofexpertsandpractitionersonavarietyofissuesincludingSudanSyriaKoreaIranIraqandHaiti®USIPhasfacilitatedanumberoftaskforcesincludingtheIraqStudyGroupandtherecentCongressionalCommissionontheStrategicPostureoftheUnitedStateschairedbyWilliamPerryMichaelHFuchsUNCLASSIFIEDUSDepartmentofStateCaseNoFDocNoC",1
"SullivanJacobBurnsWilliam",1
"SullivanJacobCherylMills",1
"SullivanJacobcl//—ClassCONFIDENTIAL—",1
"SullivanJacobCONFIDENTIAL—",1
"SullivanJacobFeldmanDanielF",1
"SullivanJacobHiClarissaWasgoodmeetingyoutodaythankyouformeetingusinTurkeyHopeyoufoundthetripdownfromLondonworthwhileIwantedtomakesureyouhadallofJacobscontactinfoBestPhilippeUNCLASSIFIEDUSDepartmentofStateCaseNoFDocNoC",1
"SullivanJacobi",1
"SullivanJacobLakhdhirKamalaS",1
"SullivanJacobNasrSValiR",1
"SullivanJacobWellsAliceG",1
"SullivanJacobYamamotoDonaldY",1
"SullivanJi@stategoV",1
"sulliyanjj@stategov",1
"SumiMehta",1
"SyedZiaS",1
"TaliaferroAaronC",1
"TanviMadan",1
"ternsuaviati",1
"TesonerMark",1
"ThaivalappilMaureenE",1
"thanleymr@stategovi",1
"TheriotNicoleD",1
"ThompsonHillaryC",1
"TibbitsNathanD",1
"TienJohnK",1
"TienJohnKTroutCliftonB",1
"TikvartDanielEAP/K",1
"TilghmanJosephF",1
"TillemannTomicah",1
"tjakesullivar",1
"tkrinvicdchen",1
"tkrinvicjustinJondoug",1
"Tobin",1
"ToddWilliamE",1
"ToilNoraF",1
"TolvNoraF",1
"TomkinsAlan",1
"TongKurtW",1
"TovNF@statedoviYuWenchiVerveerMelanneS",1
"TovNF©stategovi",1
"TovNF©stategovt",1
"TovNF©statev",1
"TovNF©statevi",1
"TovNF©stateviYuWenchiVerveerMelanneS",1
"TovNF©statevtYuWenchiVerveerMelanneS",1
"TovrastateanyVIIWenrhiVervPPrMplAnnp",1
"TownleyUNCLASSIFIEDUSDepartmentofStateCaseNoFDocNoC",1
"TraciCarpenter",1
"tRamamurthyPradeep",1
"Tranklowenstein@foreignsenategovi",1
"TrejoMaria",1
"TripoliCooperation",1
"TrivelliPaulAAMBUSSOUTHCOM/SCCC",1
"Trnillscd@stategov",1
"TsouLeslieM",1
"TuckerJosephl",1
"TuellerMatthewFl",1
"TurnerMichaelA",1
"TurnerScottC@stategov",1
"TurnerScottC@stategovt",1
"TyeJohnN",1
"uisegannA",1
"UllahHaroonK",1
"UnitedAirlines",1
"UnnbertJohnW",1
"UrbanCarol",1
"USNATOLibyaDL",1
"UssakAmandaE",1
"USUN/WusersDL",1
"USUNLibyaDL",1
"USUNSANCTIONSGroup",1
"VadenAndrew",1
"VaimoroLona",1
"VaImoroU@stategov",1
"VairnoroLona",1
"VaitlaSrinivas",1
"Valerie_Jarrett@",1
"ValerieJarrett",1
"Valmorol_j@stategov",1
"ValmoroLanaJ",1
"Valmorolj@stategov",1
"ValmoroLJstategov",1
"ValmoroLona/",1
"ValmoroLonaI",1
"ValmoroLonaIhavehadaterrificfirstcoupleofdaysandamatCdcnowIamcopyingLonatoscheduleyouandIwhenitworksforyouYoursLoisUNCLASSIFIEDUSDepartmentofStateCaseNoFDocNoC",1
"VermaRichard",1
"vermarr@stategov",1
"VerveerMelanneSMelanneandIjustarrivedattherestaurantitsasimplerooftopsettingwithagoodbreezeveryprivateTapasanddrinksItisagoodminutewalktwoofthoseblocksareuphillIwouldrecommenddrivingupandwalkinghome!UNCLASSIFIEDUSDepartmentofStateCaseNoFDocNoC",1
"VerveerMelanneSMSwewouldliketodoonephotoattheplanewiththelocalpoliceasyouareleavingifthatsokayLonaValmoroSpecialAssistanttotheSecretaryofStateUNCLASSIFIEDUSDepartmentofStateCaseNoFDocNoC",1
"VervilleElizabethG",1
"VieheAriellaR",1
"VietorTommy",1
"VivianLinder",1
"VonZinkernagelDeborah",1
"VuAnnyT",1
"WagnerJoAnne",1
"WarlickMaryBUNCLASSIFIEDUSDepartmentofStateCaseNoFDocNoC",1
"WarrenerKevinP",1
"WarrenGlennS",1
"WarrenWade",1
"WashingtonDonQ",1
"WebsterMainErinE",1
"WechselHansF",1
"WeinbergDonaldW",1
"WelkAliceG",1
"WelkeSusanF",1
"WellsAlice",1
"WellsAliceGUNCLASSIFIEDUSDepartmentofStateCaseNoFDocNoC",1
"WelshCaitlinE",1
"WestThomasUNCLASSIFIEDUSDepartmentofStateCaseNoFDocNoC",1
"WHAOASPOL",1
"WhiteTerryJ",1
"WhiteThomasJPoppWilliamW",1
"WiegettJoelR",1
"WilliamsAaron",1
"williamsbarreti",1
"williamsbarretSullivanJacob",1
"williamsbarrettHumaAbedin",1
"williamsbarrettMinyonMoore",1
"WilliamsGladysE",1
"WilliamsJamesH",1
"WilliamsRebecca",1
"WilliamsStephanieT",1
"WilsonKathleenA",1
"WilsonKauiR",1
"WitmireMorganG",1
"WittersJosephB",1
"YeboahDeniece",1
"YuWenchiUNCLASSIFIEDUSDepartmentofStateCaseNoFDocNoC",1
"ZambranoMariaGabriela",1
"ZhuNingchuan",1
"Zil!igenJosephH",1
"ZimmermanThomas",1
"ZongJanetS",1
